     Benchmark 	            bb 	           lrp 	
    linkedlist 	 38.7588183523 	 3.82746898989 	
       hashmap 	 65.3935269871 	 10.6235634757 	
        bstree 	 96.0721802167 	 53.8186524306 	
      skiplist 	 86.7446169384 	 24.3020914886 	
       lfqueue 	   43.87670123 	0.184645377773 	
